background-attachment,background-attachment
background-color,background-color
background-image,background-image
background-position,background-position
background-repeat,background-repeat
background,background
border-collapse,border-collapse
border-color,border-color
border-spacing,border-spacing
border-style,border-style
border-top,border-top
border-right,border-right
border-bottom,border-bottom
border-left,border-left
border-top-color,border-top-color
border-right-color,border-right-color
border-bottom-color,border-bottom-color
border-left-color,border-left-color
border-top-style,border-top-style
border-right-style,border-right-style
border-bottom-style,border-bottom-style
border-left-style,border-left-style
border-top-width,border-top-width
border-right-width,border-right-width
border-bottom-width,border-bottom-width
border-left-width,border-left-width
border-width,border-width
border,border
bottom,bottom
caption-side,caption-side
clear,clear
clip,clip
color,color
cursor,cursor
direction,direction
empty-cells,empty-cells
float,float
font-family,font-family
font-size,font-size
font-style,font-style
font-variant,font-variant
font-weight,font-weight
font,font
height,height
left,left
letter-spacing,letter-spacing
line-height,line-height
list-style-image,list-style-image
list-style-position,list-style-position
list-style-type,list-style-type
list-style,list-style
margin-right,margin-right
margin-left,margin-left
margin-top,margin-top
margin-bottom,margin-bottom
margin,margin
max-height,max-height
max-width,max-width
min-height,min-height
min-width,min-width
orphans,orphans
outline-color,outline-color
outline-style,outline-style
outline-width,outline-width
outline,outline
overflow,overflow
padding-top,padding-top
padding-right,padding-right
padding-bottom,padding-bottom
padding-left,padding-left
padding,padding
page-break-after,page-break-after
page-break-before,page-break-before
page-break-inside,page-break-inside
position,position
quotes,quotes
right,right
table-layout,table-layout
text-align,text-align
text-decoration,text-decoration
text-indent,text-indent
text-transform,text-transform
top,top
unicode-bidi,unicode-bidi
vertical-align,vertical-align
visibility,visibility
white-space,white-space
widows,widows
width,width
word-spacing,word-spacing
z-index,z-index
